{"accuracy": [0.5391137599945068, 0.8031012415885925, 0.8686251044273376, 0.9021552205085754, 0.9230386018753052, 0.9368091821670532, 0.9481755495071411, 0.9561277627944946, 0.9607226848602295, 0.9637243151664734], "loss": [1.5894466638565063, 0.6493464112281799, 0.43482038378715515, 0.3268713653087616, 0.26394861936569214, 0.22350424528121948, 0.18150100111961365, 0.16088920831680298, 0.14910387992858887, 0.1390349566936493], "val_accuracy": [0.7965513467788696, 0.8699635863304138, 0.88714998960495, 0.9261893630027771, 0.9149783849716187, 0.9516844749450684, 0.9478716254234314, 0.9563510417938232, 0.9540746808052063, 0.9557250142097473], "val_loss": [0.6407323479652405, 0.41575413942337036, 0.367345929145813, 0.23731324076652527, 0.31261616945266724, 0.15769736468791962, 0.18911896646022797, 0.15498234331607819, 0.178280308842659, 0.17473886907100677]}